sample_id,version,mode,scorer,predicted,truth,cwe_predicted,cwe_truth,group
CVE-2026-50558,vuln,code,StructuralHeuristicScorer,benign,vulnerable,CWE-022,CWE-022,taint
CVE-2026-50558,vuln,code,CodeQLBaselineScorer,vulnerable,vulnerable,CWE-022,CWE-022,taint
CVE-2026-50558,vuln,code,ConfigSigScorer,benign,vulnerable,CWE-022,CWE-022,taint
CVE-2026-50558,vuln,code,CPGEvidenceScorer,benign,vulnerable,CWE-022,CWE-022,taint
CVE-2026-50558,vuln,code,LocalLLMScorer,abstain,vulnerable,CWE-022,CWE-022,taint
CVE-2026-50558,fixed,code,StructuralHeuristicScorer,benign,benign,CWE-022,CWE-022,taint
CVE-2026-50558,fixed,code,CodeQLBaselineScorer,vulnerable,benign,CWE-022,CWE-022,taint
CVE-2026-50558,fixed,code,ConfigSigScorer,benign,benign,CWE-022,CWE-022,taint
CVE-2026-50558,fixed,code,CPGEvidenceScorer,benign,benign,CWE-022,CWE-022,taint
CVE-2026-50558,fixed,code,LocalLLMScorer,abstain,benign,CWE-022,CWE-022,taint
CVE-2026-53502,vuln,code,StructuralHeuristicScorer,benign,vulnerable,CWE-022,CWE-022,taint
CVE-2026-53502,vuln,code,CodeQLBaselineScorer,benign,vulnerable,CWE-022,CWE-022,taint
CVE-2026-53502,vuln,code,ConfigSigScorer,benign,vulnerable,CWE-022,CWE-022,taint
CVE-2026-53502,vuln,code,CPGEvidenceScorer,benign,vulnerable,CWE-022,CWE-022,taint
CVE-2026-53502,vuln,code,LocalLLMScorer,abstain,vulnerable,CWE-022,CWE-022,taint
CVE-2026-53502,fixed,code,StructuralHeuristicScorer,benign,benign,CWE-022,CWE-022,taint
CVE-2026-53502,fixed,code,CodeQLBaselineScorer,benign,benign,CWE-022,CWE-022,taint
CVE-2026-53502,fixed,code,ConfigSigScorer,benign,benign,CWE-022,CWE-022,taint
CVE-2026-53502,fixed,code,CPGEvidenceScorer,benign,benign,CWE-022,CWE-022,taint
CVE-2026-53502,fixed,code,LocalLLMScorer,vulnerable,benign,CWE-022,CWE-022,taint
CVE-2026-53505,vuln,code,StructuralHeuristicScorer,benign,vulnerable,CWE-400,CWE-400,logic
CVE-2026-53505,vuln,code,CodeQLBaselineScorer,benign,vulnerable,CWE-400,CWE-400,logic
CVE-2026-53505,vuln,code,ConfigSigScorer,abstain,vulnerable,CWE-400,CWE-400,logic
CVE-2026-53505,vuln,code,CPGEvidenceScorer,benign,vulnerable,CWE-400,CWE-400,logic
CVE-2026-53505,vuln,code,LocalLLMScorer,abstain,vulnerable,CWE-400,CWE-400,logic
CVE-2026-53505,fixed,code,StructuralHeuristicScorer,benign,benign,CWE-400,CWE-400,logic
CVE-2026-53505,fixed,code,CodeQLBaselineScorer,benign,benign,CWE-400,CWE-400,logic
CVE-2026-53505,fixed,code,ConfigSigScorer,abstain,benign,CWE-400,CWE-400,logic
CVE-2026-53505,fixed,code,CPGEvidenceScorer,benign,benign,CWE-400,CWE-400,logic
CVE-2026-53505,fixed,code,LocalLLMScorer,vulnerable,benign,CWE-400,CWE-400,logic
CVE-2026-54706,vuln,code,StructuralHeuristicScorer,benign,vulnerable,CWE-059,CWE-059,logic
CVE-2026-54706,vuln,code,CodeQLBaselineScorer,benign,vulnerable,CWE-059,CWE-059,logic
CVE-2026-54706,vuln,code,ConfigSigScorer,benign,vulnerable,CWE-059,CWE-059,logic
CVE-2026-54706,vuln,code,CPGEvidenceScorer,benign,vulnerable,CWE-059,CWE-059,logic
CVE-2026-54706,vuln,code,LocalLLMScorer,abstain,vulnerable,CWE-059,CWE-059,logic
CVE-2026-54706,fixed,code,StructuralHeuristicScorer,benign,benign,CWE-059,CWE-059,logic
CVE-2026-54706,fixed,code,CodeQLBaselineScorer,benign,benign,CWE-059,CWE-059,logic
CVE-2026-54706,fixed,code,ConfigSigScorer,benign,benign,CWE-059,CWE-059,logic
CVE-2026-54706,fixed,code,CPGEvidenceScorer,benign,benign,CWE-059,CWE-059,logic
CVE-2026-54706,fixed,code,LocalLLMScorer,vulnerable,benign,CWE-059,CWE-059,logic
CVE-2026-54707,vuln,code,StructuralHeuristicScorer,benign,vulnerable,CWE-863,CWE-863,logic
CVE-2026-54707,vuln,code,CodeQLBaselineScorer,benign,vulnerable,CWE-863,CWE-863,logic
CVE-2026-54707,vuln,code,ConfigSigScorer,abstain,vulnerable,CWE-863,CWE-863,logic
CVE-2026-54707,vuln,code,CPGEvidenceScorer,benign,vulnerable,CWE-863,CWE-863,logic
CVE-2026-54707,vuln,code,LocalLLMScorer,abstain,vulnerable,CWE-863,CWE-863,logic
CVE-2026-54707,fixed,code,StructuralHeuristicScorer,benign,benign,CWE-863,CWE-863,logic
CVE-2026-54707,fixed,code,CodeQLBaselineScorer,benign,benign,CWE-863,CWE-863,logic
CVE-2026-54707,fixed,code,ConfigSigScorer,abstain,benign,CWE-863,CWE-863,logic
CVE-2026-54707,fixed,code,CPGEvidenceScorer,benign,benign,CWE-863,CWE-863,logic
CVE-2026-54707,fixed,code,LocalLLMScorer,abstain,benign,CWE-863,CWE-863,logic
CVE-2026-54785,vuln,code,StructuralHeuristicScorer,benign,vulnerable,CWE-022,CWE-022,taint
CVE-2026-54785,vuln,code,CodeQLBaselineScorer,benign,vulnerable,CWE-022,CWE-022,taint
CVE-2026-54785,vuln,code,ConfigSigScorer,benign,vulnerable,CWE-022,CWE-022,taint
CVE-2026-54785,vuln,code,CPGEvidenceScorer,benign,vulnerable,CWE-022,CWE-022,taint
CVE-2026-54785,vuln,code,LocalLLMScorer,abstain,vulnerable,CWE-022,CWE-022,taint
CVE-2026-54785,fixed,code,StructuralHeuristicScorer,benign,benign,CWE-022,CWE-022,taint
CVE-2026-54785,fixed,code,CodeQLBaselineScorer,benign,benign,CWE-022,CWE-022,taint
CVE-2026-54785,fixed,code,ConfigSigScorer,benign,benign,CWE-022,CWE-022,taint
CVE-2026-54785,fixed,code,CPGEvidenceScorer,benign,benign,CWE-022,CWE-022,taint
CVE-2026-54785,fixed,code,LocalLLMScorer,abstain,benign,CWE-022,CWE-022,taint
CVE-2026-59881,vuln,code,StructuralHeuristicScorer,benign,vulnerable,CWE-020,CWE-020,logic
CVE-2026-59881,vuln,code,CodeQLBaselineScorer,benign,vulnerable,CWE-020,CWE-020,logic
CVE-2026-59881,vuln,code,ConfigSigScorer,abstain,vulnerable,CWE-020,CWE-020,logic
CVE-2026-59881,vuln,code,CPGEvidenceScorer,benign,vulnerable,CWE-020,CWE-020,logic
CVE-2026-59881,vuln,code,LocalLLMScorer,abstain,vulnerable,CWE-020,CWE-020,logic
CVE-2026-59881,fixed,code,StructuralHeuristicScorer,benign,benign,CWE-020,CWE-020,logic
CVE-2026-59881,fixed,code,CodeQLBaselineScorer,benign,benign,CWE-020,CWE-020,logic
CVE-2026-59881,fixed,code,ConfigSigScorer,abstain,benign,CWE-020,CWE-020,logic
CVE-2026-59881,fixed,code,CPGEvidenceScorer,benign,benign,CWE-020,CWE-020,logic
CVE-2026-59881,fixed,code,LocalLLMScorer,abstain,benign,CWE-020,CWE-020,logic
CVE-2026-69243,vuln,code,StructuralHeuristicScorer,benign,vulnerable,CWE-444,CWE-444,logic
CVE-2026-69243,vuln,code,CodeQLBaselineScorer,benign,vulnerable,CWE-444,CWE-444,logic
CVE-2026-69243,vuln,code,ConfigSigScorer,abstain,vulnerable,CWE-444,CWE-444,logic
CVE-2026-69243,vuln,code,CPGEvidenceScorer,benign,vulnerable,CWE-444,CWE-444,logic
CVE-2026-69243,vuln,code,LocalLLMScorer,abstain,vulnerable,CWE-444,CWE-444,logic
CVE-2026-69243,fixed,code,StructuralHeuristicScorer,benign,benign,CWE-444,CWE-444,logic
CVE-2026-69243,fixed,code,CodeQLBaselineScorer,benign,benign,CWE-444,CWE-444,logic
CVE-2026-69243,fixed,code,ConfigSigScorer,abstain,benign,CWE-444,CWE-444,logic
CVE-2026-69243,fixed,code,CPGEvidenceScorer,benign,benign,CWE-444,CWE-444,logic
CVE-2026-69243,fixed,code,LocalLLMScorer,abstain,benign,CWE-444,CWE-444,logic
CVE-2026-67424,vuln,code,StructuralHeuristicScorer,benign,vulnerable,CWE-918,CWE-918,taint
CVE-2026-67424,vuln,code,CodeQLBaselineScorer,benign,vulnerable,CWE-918,CWE-918,taint
CVE-2026-67424,vuln,code,ConfigSigScorer,benign,vulnerable,CWE-918,CWE-918,taint
CVE-2026-67424,vuln,code,CPGEvidenceScorer,benign,vulnerable,CWE-918,CWE-918,taint
CVE-2026-67424,vuln,code,LocalLLMScorer,abstain,vulnerable,CWE-918,CWE-918,taint
CVE-2026-67424,fixed,code,StructuralHeuristicScorer,benign,benign,CWE-918,CWE-918,taint
CVE-2026-67424,fixed,code,CodeQLBaselineScorer,benign,benign,CWE-918,CWE-918,taint
CVE-2026-67424,fixed,code,ConfigSigScorer,benign,benign,CWE-918,CWE-918,taint
CVE-2026-67424,fixed,code,CPGEvidenceScorer,benign,benign,CWE-918,CWE-918,taint
CVE-2026-67424,fixed,code,LocalLLMScorer,abstain,benign,CWE-918,CWE-918,taint
CVE-2026-67435,vuln,code,StructuralHeuristicScorer,benign,vulnerable,CWE-200,CWE-200,logic
CVE-2026-67435,vuln,code,CodeQLBaselineScorer,benign,vulnerable,CWE-200,CWE-200,logic
CVE-2026-67435,vuln,code,ConfigSigScorer,benign,vulnerable,CWE-200,CWE-200,logic
CVE-2026-67435,vuln,code,CPGEvidenceScorer,benign,vulnerable,CWE-200,CWE-200,logic
CVE-2026-67435,vuln,code,LocalLLMScorer,abstain,vulnerable,CWE-200,CWE-200,logic
CVE-2026-67435,fixed,code,StructuralHeuristicScorer,benign,benign,CWE-200,CWE-200,logic
CVE-2026-67435,fixed,code,CodeQLBaselineScorer,benign,benign,CWE-200,CWE-200,logic
CVE-2026-67435,fixed,code,ConfigSigScorer,benign,benign,CWE-200,CWE-200,logic
CVE-2026-67435,fixed,code,CPGEvidenceScorer,benign,benign,CWE-200,CWE-200,logic
CVE-2026-67435,fixed,code,LocalLLMScorer,abstain,benign,CWE-200,CWE-200,logic
CVE-2026-70487,vuln,code,StructuralHeuristicScorer,benign,vulnerable,CWE-862,CWE-862,logic
CVE-2026-70487,vuln,code,CodeQLBaselineScorer,benign,vulnerable,CWE-862,CWE-862,logic
CVE-2026-70487,vuln,code,ConfigSigScorer,abstain,vulnerable,CWE-862,CWE-862,logic
CVE-2026-70487,vuln,code,CPGEvidenceScorer,benign,vulnerable,CWE-862,CWE-862,logic
CVE-2026-70487,vuln,code,LocalLLMScorer,abstain,vulnerable,CWE-862,CWE-862,logic
CVE-2026-70487,fixed,code,StructuralHeuristicScorer,benign,benign,CWE-862,CWE-862,logic
CVE-2026-70487,fixed,code,CodeQLBaselineScorer,benign,benign,CWE-862,CWE-862,logic
CVE-2026-70487,fixed,code,ConfigSigScorer,abstain,benign,CWE-862,CWE-862,logic
CVE-2026-70487,fixed,code,CPGEvidenceScorer,benign,benign,CWE-862,CWE-862,logic
CVE-2026-70487,fixed,code,LocalLLMScorer,abstain,benign,CWE-862,CWE-862,logic
CVE-2026-70488,vuln,code,StructuralHeuristicScorer,benign,vulnerable,CWE-639,CWE-639,logic
CVE-2026-70488,vuln,code,CodeQLBaselineScorer,benign,vulnerable,CWE-639,CWE-639,logic
CVE-2026-70488,vuln,code,ConfigSigScorer,abstain,vulnerable,CWE-639,CWE-639,logic
CVE-2026-70488,vuln,code,CPGEvidenceScorer,benign,vulnerable,CWE-639,CWE-639,logic
CVE-2026-70488,vuln,code,LocalLLMScorer,abstain,vulnerable,CWE-639,CWE-639,logic
CVE-2026-70488,fixed,code,StructuralHeuristicScorer,benign,benign,CWE-639,CWE-639,logic
CVE-2026-70488,fixed,code,CodeQLBaselineScorer,benign,benign,CWE-639,CWE-639,logic
CVE-2026-70488,fixed,code,ConfigSigScorer,abstain,benign,CWE-639,CWE-639,logic
CVE-2026-70488,fixed,code,CPGEvidenceScorer,benign,benign,CWE-639,CWE-639,logic
CVE-2026-70488,fixed,code,LocalLLMScorer,abstain,benign,CWE-639,CWE-639,logic
CVE-2026-71433,vuln,code,StructuralHeuristicScorer,benign,vulnerable,CWE-200,CWE-200,logic
CVE-2026-71433,vuln,code,CodeQLBaselineScorer,benign,vulnerable,CWE-200,CWE-200,logic
CVE-2026-71433,vuln,code,ConfigSigScorer,benign,vulnerable,CWE-200,CWE-200,logic
CVE-2026-71433,vuln,code,CPGEvidenceScorer,benign,vulnerable,CWE-200,CWE-200,logic
CVE-2026-71433,vuln,code,LocalLLMScorer,abstain,vulnerable,CWE-200,CWE-200,logic
CVE-2026-71433,fixed,code,StructuralHeuristicScorer,benign,benign,CWE-200,CWE-200,logic
CVE-2026-71433,fixed,code,CodeQLBaselineScorer,benign,benign,CWE-200,CWE-200,logic
CVE-2026-71433,fixed,code,ConfigSigScorer,benign,benign,CWE-200,CWE-200,logic
CVE-2026-71433,fixed,code,CPGEvidenceScorer,benign,benign,CWE-200,CWE-200,logic
CVE-2026-71433,fixed,code,LocalLLMScorer,abstain,benign,CWE-200,CWE-200,logic
CVE-2026-71554,vuln,code,StructuralHeuristicScorer,benign,vulnerable,CWE-444,CWE-444,logic
CVE-2026-71554,vuln,code,CodeQLBaselineScorer,benign,vulnerable,CWE-444,CWE-444,logic
CVE-2026-71554,vuln,code,ConfigSigScorer,abstain,vulnerable,CWE-444,CWE-444,logic
CVE-2026-71554,vuln,code,CPGEvidenceScorer,benign,vulnerable,CWE-444,CWE-444,logic
CVE-2026-71554,vuln,code,LocalLLMScorer,abstain,vulnerable,CWE-444,CWE-444,logic
CVE-2026-71554,fixed,code,StructuralHeuristicScorer,benign,benign,CWE-444,CWE-444,logic
CVE-2026-71554,fixed,code,CodeQLBaselineScorer,benign,benign,CWE-444,CWE-444,logic
CVE-2026-71554,fixed,code,ConfigSigScorer,abstain,benign,CWE-444,CWE-444,logic
CVE-2026-71554,fixed,code,CPGEvidenceScorer,benign,benign,CWE-444,CWE-444,logic
CVE-2026-71554,fixed,code,LocalLLMScorer,abstain,benign,CWE-444,CWE-444,logic
CVE-2026-54548,vuln,code,StructuralHeuristicScorer,benign,vulnerable,CWE-295,CWE-295,logic
CVE-2026-54548,vuln,code,CodeQLBaselineScorer,benign,vulnerable,CWE-295,CWE-295,logic
CVE-2026-54548,vuln,code,ConfigSigScorer,benign,vulnerable,CWE-295,CWE-295,logic
CVE-2026-54548,vuln,code,CPGEvidenceScorer,benign,vulnerable,CWE-295,CWE-295,logic
CVE-2026-54548,vuln,code,LocalLLMScorer,abstain,vulnerable,CWE-295,CWE-295,logic
CVE-2026-54548,fixed,code,StructuralHeuristicScorer,benign,benign,CWE-295,CWE-295,logic
CVE-2026-54548,fixed,code,CodeQLBaselineScorer,benign,benign,CWE-295,CWE-295,logic
CVE-2026-54548,fixed,code,ConfigSigScorer,benign,benign,CWE-295,CWE-295,logic
CVE-2026-54548,fixed,code,CPGEvidenceScorer,benign,benign,CWE-295,CWE-295,logic
CVE-2026-54548,fixed,code,LocalLLMScorer,abstain,benign,CWE-295,CWE-295,logic
CVE-2026-54553,vuln,code,StructuralHeuristicScorer,benign,vulnerable,CWE-200,CWE-200,logic
CVE-2026-54553,vuln,code,CodeQLBaselineScorer,benign,vulnerable,CWE-200,CWE-200,logic
CVE-2026-54553,vuln,code,ConfigSigScorer,benign,vulnerable,CWE-200,CWE-200,logic
CVE-2026-54553,vuln,code,CPGEvidenceScorer,benign,vulnerable,CWE-200,CWE-200,logic
CVE-2026-54553,vuln,code,LocalLLMScorer,abstain,vulnerable,CWE-200,CWE-200,logic
CVE-2026-54553,fixed,code,StructuralHeuristicScorer,benign,benign,CWE-200,CWE-200,logic
CVE-2026-54553,fixed,code,CodeQLBaselineScorer,benign,benign,CWE-200,CWE-200,logic
CVE-2026-54553,fixed,code,ConfigSigScorer,benign,benign,CWE-200,CWE-200,logic
CVE-2026-54553,fixed,code,CPGEvidenceScorer,benign,benign,CWE-200,CWE-200,logic
CVE-2026-54553,fixed,code,LocalLLMScorer,abstain,benign,CWE-200,CWE-200,logic
CVE-2026-54569,vuln,code,StructuralHeuristicScorer,benign,vulnerable,CWE-095,CWE-095,logic
CVE-2026-54569,vuln,code,CodeQLBaselineScorer,benign,vulnerable,CWE-095,CWE-095,logic
CVE-2026-54569,vuln,code,ConfigSigScorer,benign,vulnerable,CWE-095,CWE-095,logic
CVE-2026-54569,vuln,code,CPGEvidenceScorer,benign,vulnerable,CWE-095,CWE-095,logic
CVE-2026-54569,vuln,code,LocalLLMScorer,abstain,vulnerable,CWE-095,CWE-095,logic
CVE-2026-54569,fixed,code,StructuralHeuristicScorer,benign,benign,CWE-095,CWE-095,logic
CVE-2026-54569,fixed,code,CodeQLBaselineScorer,benign,benign,CWE-095,CWE-095,logic
CVE-2026-54569,fixed,code,ConfigSigScorer,benign,benign,CWE-095,CWE-095,logic
CVE-2026-54569,fixed,code,CPGEvidenceScorer,benign,benign,CWE-095,CWE-095,logic
CVE-2026-54569,fixed,code,LocalLLMScorer,abstain,benign,CWE-095,CWE-095,logic
CVE-2026-54338,vuln,code,StructuralHeuristicScorer,benign,vulnerable,CWE-400,CWE-400,logic
CVE-2026-54338,vuln,code,CodeQLBaselineScorer,benign,vulnerable,CWE-400,CWE-400,logic
CVE-2026-54338,vuln,code,ConfigSigScorer,abstain,vulnerable,CWE-400,CWE-400,logic
CVE-2026-54338,vuln,code,CPGEvidenceScorer,benign,vulnerable,CWE-400,CWE-400,logic
CVE-2026-54338,vuln,code,LocalLLMScorer,abstain,vulnerable,CWE-400,CWE-400,logic
CVE-2026-54338,fixed,code,StructuralHeuristicScorer,benign,benign,CWE-400,CWE-400,logic
CVE-2026-54338,fixed,code,CodeQLBaselineScorer,benign,benign,CWE-400,CWE-400,logic
CVE-2026-54338,fixed,code,ConfigSigScorer,abstain,benign,CWE-400,CWE-400,logic
CVE-2026-54338,fixed,code,CPGEvidenceScorer,benign,benign,CWE-400,CWE-400,logic
CVE-2026-54338,fixed,code,LocalLLMScorer,abstain,benign,CWE-400,CWE-400,logic
CVE-2026-45019,vuln,code,StructuralHeuristicScorer,benign,vulnerable,CWE-918,CWE-918,taint
CVE-2026-45019,vuln,code,CodeQLBaselineScorer,benign,vulnerable,CWE-918,CWE-918,taint
CVE-2026-45019,vuln,code,ConfigSigScorer,benign,vulnerable,CWE-918,CWE-918,taint
CVE-2026-45019,vuln,code,CPGEvidenceScorer,benign,vulnerable,CWE-918,CWE-918,taint
CVE-2026-45019,vuln,code,LocalLLMScorer,abstain,vulnerable,CWE-918,CWE-918,taint
CVE-2026-45019,fixed,code,StructuralHeuristicScorer,benign,benign,CWE-918,CWE-918,taint
CVE-2026-45019,fixed,code,CodeQLBaselineScorer,benign,benign,CWE-918,CWE-918,taint
CVE-2026-45019,fixed,code,ConfigSigScorer,benign,benign,CWE-918,CWE-918,taint
CVE-2026-45019,fixed,code,CPGEvidenceScorer,benign,benign,CWE-918,CWE-918,taint
CVE-2026-45019,fixed,code,LocalLLMScorer,abstain,benign,CWE-918,CWE-918,taint
CVE-2026-55099,vuln,code,StructuralHeuristicScorer,benign,vulnerable,CWE-400,CWE-400,logic
CVE-2026-55099,vuln,code,CodeQLBaselineScorer,benign,vulnerable,CWE-400,CWE-400,logic
CVE-2026-55099,vuln,code,ConfigSigScorer,abstain,vulnerable,CWE-400,CWE-400,logic
CVE-2026-55099,vuln,code,CPGEvidenceScorer,benign,vulnerable,CWE-400,CWE-400,logic
CVE-2026-55099,vuln,code,LocalLLMScorer,abstain,vulnerable,CWE-400,CWE-400,logic
CVE-2026-55099,fixed,code,StructuralHeuristicScorer,benign,benign,CWE-400,CWE-400,logic
CVE-2026-55099,fixed,code,CodeQLBaselineScorer,benign,benign,CWE-400,CWE-400,logic
CVE-2026-55099,fixed,code,ConfigSigScorer,abstain,benign,CWE-400,CWE-400,logic
CVE-2026-55099,fixed,code,CPGEvidenceScorer,benign,benign,CWE-400,CWE-400,logic
CVE-2026-55099,fixed,code,LocalLLMScorer,abstain,benign,CWE-400,CWE-400,logic
CVE-2026-55620,vuln,code,StructuralHeuristicScorer,benign,vulnerable,CWE-770,CWE-770,logic
CVE-2026-55620,vuln,code,CodeQLBaselineScorer,benign,vulnerable,CWE-770,CWE-770,logic
CVE-2026-55620,vuln,code,ConfigSigScorer,benign,vulnerable,CWE-770,CWE-770,logic
CVE-2026-55620,vuln,code,CPGEvidenceScorer,benign,vulnerable,CWE-770,CWE-770,logic
CVE-2026-55620,vuln,code,LocalLLMScorer,abstain,vulnerable,CWE-770,CWE-770,logic
CVE-2026-55620,fixed,code,StructuralHeuristicScorer,benign,benign,CWE-770,CWE-770,logic
CVE-2026-55620,fixed,code,CodeQLBaselineScorer,benign,benign,CWE-770,CWE-770,logic
CVE-2026-55620,fixed,code,ConfigSigScorer,benign,benign,CWE-770,CWE-770,logic
CVE-2026-55620,fixed,code,CPGEvidenceScorer,benign,benign,CWE-770,CWE-770,logic
CVE-2026-55620,fixed,code,LocalLLMScorer,abstain,benign,CWE-770,CWE-770,logic
CVE-2026-67428,vuln,code,StructuralHeuristicScorer,benign,vulnerable,CWE-918,CWE-918,taint
CVE-2026-67428,vuln,code,CodeQLBaselineScorer,benign,vulnerable,CWE-918,CWE-918,taint
CVE-2026-67428,vuln,code,ConfigSigScorer,benign,vulnerable,CWE-918,CWE-918,taint
CVE-2026-67428,vuln,code,CPGEvidenceScorer,benign,vulnerable,CWE-918,CWE-918,taint
CVE-2026-67428,vuln,code,LocalLLMScorer,abstain,vulnerable,CWE-918,CWE-918,taint
CVE-2026-67428,fixed,code,StructuralHeuristicScorer,benign,benign,CWE-918,CWE-918,taint
CVE-2026-67428,fixed,code,CodeQLBaselineScorer,benign,benign,CWE-918,CWE-918,taint
CVE-2026-67428,fixed,code,ConfigSigScorer,benign,benign,CWE-918,CWE-918,taint
CVE-2026-67428,fixed,code,CPGEvidenceScorer,benign,benign,CWE-918,CWE-918,taint
CVE-2026-67428,fixed,code,LocalLLMScorer,abstain,benign,CWE-918,CWE-918,taint
CVE-2026-54770,vuln,code,StructuralHeuristicScorer,benign,vulnerable,CWE-601,CWE-601,logic
CVE-2026-54770,vuln,code,CodeQLBaselineScorer,benign,vulnerable,CWE-601,CWE-601,logic
CVE-2026-54770,vuln,code,ConfigSigScorer,benign,vulnerable,CWE-601,CWE-601,logic
CVE-2026-54770,vuln,code,CPGEvidenceScorer,benign,vulnerable,CWE-601,CWE-601,logic
CVE-2026-54770,vuln,code,LocalLLMScorer,abstain,vulnerable,CWE-601,CWE-601,logic
CVE-2026-54770,fixed,code,StructuralHeuristicScorer,benign,benign,CWE-601,CWE-601,logic
CVE-2026-54770,fixed,code,CodeQLBaselineScorer,benign,benign,CWE-601,CWE-601,logic
CVE-2026-54770,fixed,code,ConfigSigScorer,benign,benign,CWE-601,CWE-601,logic
CVE-2026-54770,fixed,code,CPGEvidenceScorer,benign,benign,CWE-601,CWE-601,logic
CVE-2026-54770,fixed,code,LocalLLMScorer,abstain,benign,CWE-601,CWE-601,logic
CVE-2026-70489,vuln,code,StructuralHeuristicScorer,benign,vulnerable,CWE-400,CWE-400,logic
CVE-2026-70489,vuln,code,CodeQLBaselineScorer,benign,vulnerable,CWE-400,CWE-400,logic
CVE-2026-70489,vuln,code,ConfigSigScorer,abstain,vulnerable,CWE-400,CWE-400,logic
CVE-2026-70489,vuln,code,CPGEvidenceScorer,benign,vulnerable,CWE-400,CWE-400,logic
CVE-2026-70489,vuln,code,LocalLLMScorer,abstain,vulnerable,CWE-400,CWE-400,logic
CVE-2026-70489,fixed,code,StructuralHeuristicScorer,benign,benign,CWE-400,CWE-400,logic
CVE-2026-70489,fixed,code,CodeQLBaselineScorer,benign,benign,CWE-400,CWE-400,logic
CVE-2026-70489,fixed,code,ConfigSigScorer,abstain,benign,CWE-400,CWE-400,logic
CVE-2026-70489,fixed,code,CPGEvidenceScorer,benign,benign,CWE-400,CWE-400,logic
CVE-2026-70489,fixed,code,LocalLLMScorer,abstain,benign,CWE-400,CWE-400,logic
CVE-2026-70491,vuln,code,StructuralHeuristicScorer,benign,vulnerable,CWE-200,CWE-200,logic
CVE-2026-70491,vuln,code,CodeQLBaselineScorer,benign,vulnerable,CWE-200,CWE-200,logic
CVE-2026-70491,vuln,code,ConfigSigScorer,benign,vulnerable,CWE-200,CWE-200,logic
CVE-2026-70491,vuln,code,CPGEvidenceScorer,benign,vulnerable,CWE-200,CWE-200,logic
CVE-2026-70491,vuln,code,LocalLLMScorer,abstain,vulnerable,CWE-200,CWE-200,logic
CVE-2026-70491,fixed,code,StructuralHeuristicScorer,benign,benign,CWE-200,CWE-200,logic
CVE-2026-70491,fixed,code,CodeQLBaselineScorer,benign,benign,CWE-200,CWE-200,logic
CVE-2026-70491,fixed,code,ConfigSigScorer,benign,benign,CWE-200,CWE-200,logic
CVE-2026-70491,fixed,code,CPGEvidenceScorer,benign,benign,CWE-200,CWE-200,logic
CVE-2026-70491,fixed,code,LocalLLMScorer,abstain,benign,CWE-200,CWE-200,logic
CVE-2026-70493,vuln,code,StructuralHeuristicScorer,benign,vulnerable,CWE-1333,CWE-1333,logic
CVE-2026-70493,vuln,code,CodeQLBaselineScorer,benign,vulnerable,CWE-1333,CWE-1333,logic
CVE-2026-70493,vuln,code,ConfigSigScorer,benign,vulnerable,CWE-1333,CWE-1333,logic
CVE-2026-70493,vuln,code,CPGEvidenceScorer,benign,vulnerable,CWE-1333,CWE-1333,logic
CVE-2026-70493,vuln,code,LocalLLMScorer,abstain,vulnerable,CWE-1333,CWE-1333,logic
CVE-2026-70493,fixed,code,StructuralHeuristicScorer,benign,benign,CWE-1333,CWE-1333,logic
CVE-2026-70493,fixed,code,CodeQLBaselineScorer,benign,benign,CWE-1333,CWE-1333,logic
CVE-2026-70493,fixed,code,ConfigSigScorer,benign,benign,CWE-1333,CWE-1333,logic
CVE-2026-70493,fixed,code,CPGEvidenceScorer,benign,benign,CWE-1333,CWE-1333,logic
CVE-2026-70493,fixed,code,LocalLLMScorer,abstain,benign,CWE-1333,CWE-1333,logic
CVE-2026-70494,vuln,code,StructuralHeuristicScorer,benign,vulnerable,CWE-862,CWE-862,logic
CVE-2026-70494,vuln,code,CodeQLBaselineScorer,benign,vulnerable,CWE-862,CWE-862,logic
CVE-2026-70494,vuln,code,ConfigSigScorer,abstain,vulnerable,CWE-862,CWE-862,logic
CVE-2026-70494,vuln,code,CPGEvidenceScorer,benign,vulnerable,CWE-862,CWE-862,logic
CVE-2026-70494,vuln,code,LocalLLMScorer,abstain,vulnerable,CWE-862,CWE-862,logic
CVE-2026-70494,fixed,code,StructuralHeuristicScorer,benign,benign,CWE-862,CWE-862,logic
CVE-2026-70494,fixed,code,CodeQLBaselineScorer,benign,benign,CWE-862,CWE-862,logic
CVE-2026-70494,fixed,code,ConfigSigScorer,abstain,benign,CWE-862,CWE-862,logic
CVE-2026-70494,fixed,code,CPGEvidenceScorer,benign,benign,CWE-862,CWE-862,logic
CVE-2026-70494,fixed,code,LocalLLMScorer,abstain,benign,CWE-862,CWE-862,logic
CVE-2026-55211,vuln,code,StructuralHeuristicScorer,benign,vulnerable,CWE-125,CWE-125,logic
CVE-2026-55211,vuln,code,CodeQLBaselineScorer,benign,vulnerable,CWE-125,CWE-125,logic
CVE-2026-55211,vuln,code,ConfigSigScorer,benign,vulnerable,CWE-125,CWE-125,logic
CVE-2026-55211,vuln,code,CPGEvidenceScorer,benign,vulnerable,CWE-125,CWE-125,logic
CVE-2026-55211,vuln,code,LocalLLMScorer,abstain,vulnerable,CWE-125,CWE-125,logic
CVE-2026-55211,fixed,code,StructuralHeuristicScorer,benign,benign,CWE-125,CWE-125,logic
CVE-2026-55211,fixed,code,CodeQLBaselineScorer,benign,benign,CWE-125,CWE-125,logic
CVE-2026-55211,fixed,code,ConfigSigScorer,benign,benign,CWE-125,CWE-125,logic
CVE-2026-55211,fixed,code,CPGEvidenceScorer,benign,benign,CWE-125,CWE-125,logic
CVE-2026-55211,fixed,code,LocalLLMScorer,abstain,benign,CWE-125,CWE-125,logic
CVE-2026-61539,vuln,code,StructuralHeuristicScorer,benign,vulnerable,CWE-095,CWE-095,logic
CVE-2026-61539,vuln,code,CodeQLBaselineScorer,benign,vulnerable,CWE-095,CWE-095,logic
CVE-2026-61539,vuln,code,ConfigSigScorer,benign,vulnerable,CWE-095,CWE-095,logic
CVE-2026-61539,vuln,code,CPGEvidenceScorer,benign,vulnerable,CWE-095,CWE-095,logic
CVE-2026-61539,vuln,code,LocalLLMScorer,vulnerable,vulnerable,CWE-095,CWE-095,logic
CVE-2026-61539,fixed,code,StructuralHeuristicScorer,benign,benign,CWE-095,CWE-095,logic
CVE-2026-61539,fixed,code,CodeQLBaselineScorer,benign,benign,CWE-095,CWE-095,logic
CVE-2026-61539,fixed,code,ConfigSigScorer,benign,benign,CWE-095,CWE-095,logic
CVE-2026-61539,fixed,code,CPGEvidenceScorer,benign,benign,CWE-095,CWE-095,logic
CVE-2026-61539,fixed,code,LocalLLMScorer,abstain,benign,CWE-095,CWE-095,logic
CVE-2026-68508,vuln,code,StructuralHeuristicScorer,benign,vulnerable,CWE-094,CWE-094,taint
CVE-2026-68508,vuln,code,CodeQLBaselineScorer,benign,vulnerable,CWE-094,CWE-094,taint
CVE-2026-68508,vuln,code,ConfigSigScorer,benign,vulnerable,CWE-094,CWE-094,taint
CVE-2026-68508,vuln,code,CPGEvidenceScorer,benign,vulnerable,CWE-094,CWE-094,taint
CVE-2026-68508,vuln,code,LocalLLMScorer,abstain,vulnerable,CWE-094,CWE-094,taint
CVE-2026-68508,fixed,code,StructuralHeuristicScorer,benign,benign,CWE-094,CWE-094,taint
CVE-2026-68508,fixed,code,CodeQLBaselineScorer,benign,benign,CWE-094,CWE-094,taint
CVE-2026-68508,fixed,code,ConfigSigScorer,benign,benign,CWE-094,CWE-094,taint
CVE-2026-68508,fixed,code,CPGEvidenceScorer,benign,benign,CWE-094,CWE-094,taint
CVE-2026-68508,fixed,code,LocalLLMScorer,abstain,benign,CWE-094,CWE-094,taint
CVE-2026-10692,vuln,code,StructuralHeuristicScorer,benign,vulnerable,CWE-400,CWE-400,logic
CVE-2026-10692,vuln,code,CodeQLBaselineScorer,benign,vulnerable,CWE-400,CWE-400,logic
CVE-2026-10692,vuln,code,ConfigSigScorer,abstain,vulnerable,CWE-400,CWE-400,logic
CVE-2026-10692,vuln,code,CPGEvidenceScorer,benign,vulnerable,CWE-400,CWE-400,logic
CVE-2026-10692,vuln,code,LocalLLMScorer,abstain,vulnerable,CWE-400,CWE-400,logic
CVE-2026-10692,fixed,code,StructuralHeuristicScorer,benign,benign,CWE-400,CWE-400,logic
CVE-2026-10692,fixed,code,CodeQLBaselineScorer,benign,benign,CWE-400,CWE-400,logic
CVE-2026-10692,fixed,code,ConfigSigScorer,abstain,benign,CWE-400,CWE-400,logic
CVE-2026-10692,fixed,code,CPGEvidenceScorer,benign,benign,CWE-400,CWE-400,logic
CVE-2026-10692,fixed,code,LocalLLMScorer,abstain,benign,CWE-400,CWE-400,logic
CVE-2026-47192,vuln,code,StructuralHeuristicScorer,benign,vulnerable,CWE-347,CWE-347,logic
CVE-2026-47192,vuln,code,CodeQLBaselineScorer,benign,vulnerable,CWE-347,CWE-347,logic
CVE-2026-47192,vuln,code,ConfigSigScorer,benign,vulnerable,CWE-347,CWE-347,logic
CVE-2026-47192,vuln,code,CPGEvidenceScorer,benign,vulnerable,CWE-347,CWE-347,logic
CVE-2026-47192,vuln,code,LocalLLMScorer,abstain,vulnerable,CWE-347,CWE-347,logic
CVE-2026-47192,fixed,code,StructuralHeuristicScorer,benign,benign,CWE-347,CWE-347,logic
CVE-2026-47192,fixed,code,CodeQLBaselineScorer,benign,benign,CWE-347,CWE-347,logic
CVE-2026-47192,fixed,code,ConfigSigScorer,benign,benign,CWE-347,CWE-347,logic
CVE-2026-47192,fixed,code,CPGEvidenceScorer,benign,benign,CWE-347,CWE-347,logic
CVE-2026-47192,fixed,code,LocalLLMScorer,abstain,benign,CWE-347,CWE-347,logic
CVE-2026-48710,vuln,code,StructuralHeuristicScorer,benign,vulnerable,CWE-444,CWE-444,logic
CVE-2026-48710,vuln,code,CodeQLBaselineScorer,benign,vulnerable,CWE-444,CWE-444,logic
CVE-2026-48710,vuln,code,ConfigSigScorer,abstain,vulnerable,CWE-444,CWE-444,logic
CVE-2026-48710,vuln,code,CPGEvidenceScorer,benign,vulnerable,CWE-444,CWE-444,logic
CVE-2026-48710,vuln,code,LocalLLMScorer,abstain,vulnerable,CWE-444,CWE-444,logic
CVE-2026-48710,fixed,code,StructuralHeuristicScorer,benign,benign,CWE-444,CWE-444,logic
CVE-2026-48710,fixed,code,CodeQLBaselineScorer,benign,benign,CWE-444,CWE-444,logic
CVE-2026-48710,fixed,code,ConfigSigScorer,abstain,benign,CWE-444,CWE-444,logic
CVE-2026-48710,fixed,code,CPGEvidenceScorer,benign,benign,CWE-444,CWE-444,logic
CVE-2026-48710,fixed,code,LocalLLMScorer,abstain,benign,CWE-444,CWE-444,logic
CVE-2026-59893,vuln,code,StructuralHeuristicScorer,benign,vulnerable,CWE-1333,CWE-1333,logic
CVE-2026-59893,vuln,code,CodeQLBaselineScorer,benign,vulnerable,CWE-1333,CWE-1333,logic
CVE-2026-59893,vuln,code,ConfigSigScorer,benign,vulnerable,CWE-1333,CWE-1333,logic
CVE-2026-59893,vuln,code,CPGEvidenceScorer,benign,vulnerable,CWE-1333,CWE-1333,logic
CVE-2026-59893,vuln,code,LocalLLMScorer,abstain,vulnerable,CWE-1333,CWE-1333,logic
CVE-2026-59893,fixed,code,StructuralHeuristicScorer,benign,benign,CWE-1333,CWE-1333,logic
CVE-2026-59893,fixed,code,CodeQLBaselineScorer,benign,benign,CWE-1333,CWE-1333,logic
CVE-2026-59893,fixed,code,ConfigSigScorer,benign,benign,CWE-1333,CWE-1333,logic
CVE-2026-59893,fixed,code,CPGEvidenceScorer,benign,benign,CWE-1333,CWE-1333,logic
CVE-2026-59893,fixed,code,LocalLLMScorer,abstain,benign,CWE-1333,CWE-1333,logic
CVE-2026-59894,vuln,code,StructuralHeuristicScorer,benign,vulnerable,CWE-094,CWE-094,taint
CVE-2026-59894,vuln,code,CodeQLBaselineScorer,benign,vulnerable,CWE-094,CWE-094,taint
CVE-2026-59894,vuln,code,ConfigSigScorer,benign,vulnerable,CWE-094,CWE-094,taint
CVE-2026-59894,vuln,code,CPGEvidenceScorer,benign,vulnerable,CWE-094,CWE-094,taint
CVE-2026-59894,vuln,code,LocalLLMScorer,abstain,vulnerable,CWE-094,CWE-094,taint
CVE-2026-59894,fixed,code,StructuralHeuristicScorer,benign,benign,CWE-094,CWE-094,taint
CVE-2026-59894,fixed,code,CodeQLBaselineScorer,benign,benign,CWE-094,CWE-094,taint
CVE-2026-59894,fixed,code,ConfigSigScorer,benign,benign,CWE-094,CWE-094,taint
CVE-2026-59894,fixed,code,CPGEvidenceScorer,benign,benign,CWE-094,CWE-094,taint
CVE-2026-59894,fixed,code,LocalLLMScorer,abstain,benign,CWE-094,CWE-094,taint
CVE-2026-12482,vuln,code,StructuralHeuristicScorer,benign,vulnerable,CWE-022,CWE-022,taint
CVE-2026-12482,vuln,code,CodeQLBaselineScorer,vulnerable,vulnerable,CWE-022,CWE-022,taint
CVE-2026-12482,vuln,code,ConfigSigScorer,benign,vulnerable,CWE-022,CWE-022,taint
CVE-2026-12482,vuln,code,CPGEvidenceScorer,benign,vulnerable,CWE-022,CWE-022,taint
CVE-2026-12482,vuln,code,LocalLLMScorer,abstain,vulnerable,CWE-022,CWE-022,taint
CVE-2026-12482,fixed,code,StructuralHeuristicScorer,benign,benign,CWE-022,CWE-022,taint
CVE-2026-12482,fixed,code,CodeQLBaselineScorer,vulnerable,benign,CWE-022,CWE-022,taint
CVE-2026-12482,fixed,code,ConfigSigScorer,benign,benign,CWE-022,CWE-022,taint
CVE-2026-12482,fixed,code,CPGEvidenceScorer,benign,benign,CWE-022,CWE-022,taint
CVE-2026-12482,fixed,code,LocalLLMScorer,abstain,benign,CWE-022,CWE-022,taint
CVE-2026-13769,vuln,code,StructuralHeuristicScorer,benign,vulnerable,CWE-732,CWE-732,logic
CVE-2026-13769,vuln,code,CodeQLBaselineScorer,benign,vulnerable,CWE-732,CWE-732,logic
CVE-2026-13769,vuln,code,ConfigSigScorer,benign,vulnerable,CWE-732,CWE-732,logic
CVE-2026-13769,vuln,code,CPGEvidenceScorer,benign,vulnerable,CWE-732,CWE-732,logic
CVE-2026-13769,vuln,code,LocalLLMScorer,abstain,vulnerable,CWE-732,CWE-732,logic
CVE-2026-13769,fixed,code,StructuralHeuristicScorer,benign,benign,CWE-732,CWE-732,logic
CVE-2026-13769,fixed,code,CodeQLBaselineScorer,benign,benign,CWE-732,CWE-732,logic
CVE-2026-13769,fixed,code,ConfigSigScorer,benign,benign,CWE-732,CWE-732,logic
CVE-2026-13769,fixed,code,CPGEvidenceScorer,benign,benign,CWE-732,CWE-732,logic
CVE-2026-13769,fixed,code,LocalLLMScorer,abstain,benign,CWE-732,CWE-732,logic
CVE-2026-16584,vuln,code,StructuralHeuristicScorer,benign,vulnerable,CWE-455,CWE-455,logic
CVE-2026-16584,vuln,code,CodeQLBaselineScorer,benign,vulnerable,CWE-455,CWE-455,logic
CVE-2026-16584,vuln,code,ConfigSigScorer,benign,vulnerable,CWE-455,CWE-455,logic
CVE-2026-16584,vuln,code,CPGEvidenceScorer,benign,vulnerable,CWE-455,CWE-455,logic
CVE-2026-16584,vuln,code,LocalLLMScorer,abstain,vulnerable,CWE-455,CWE-455,logic
CVE-2026-16584,fixed,code,StructuralHeuristicScorer,benign,benign,CWE-455,CWE-455,logic
CVE-2026-16584,fixed,code,CodeQLBaselineScorer,benign,benign,CWE-455,CWE-455,logic
CVE-2026-16584,fixed,code,ConfigSigScorer,benign,benign,CWE-455,CWE-455,logic
CVE-2026-16584,fixed,code,CPGEvidenceScorer,benign,benign,CWE-455,CWE-455,logic
CVE-2026-16584,fixed,code,LocalLLMScorer,abstain,benign,CWE-455,CWE-455,logic
CVE-2026-16796,vuln,code,StructuralHeuristicScorer,benign,vulnerable,CWE-088,CWE-088,logic
CVE-2026-16796,vuln,code,CodeQLBaselineScorer,benign,vulnerable,CWE-088,CWE-088,logic
CVE-2026-16796,vuln,code,ConfigSigScorer,benign,vulnerable,CWE-088,CWE-088,logic
CVE-2026-16796,vuln,code,CPGEvidenceScorer,benign,vulnerable,CWE-088,CWE-088,logic
CVE-2026-16796,vuln,code,LocalLLMScorer,abstain,vulnerable,CWE-088,CWE-088,logic
CVE-2026-16796,fixed,code,StructuralHeuristicScorer,benign,benign,CWE-088,CWE-088,logic
CVE-2026-16796,fixed,code,CodeQLBaselineScorer,benign,benign,CWE-088,CWE-088,logic
CVE-2026-16796,fixed,code,ConfigSigScorer,benign,benign,CWE-088,CWE-088,logic
CVE-2026-16796,fixed,code,CPGEvidenceScorer,benign,benign,CWE-088,CWE-088,logic
CVE-2026-16796,fixed,code,LocalLLMScorer,abstain,benign,CWE-088,CWE-088,logic
CVE-2026-48782,vuln,code,StructuralHeuristicScorer,benign,vulnerable,CWE-918,CWE-918,taint
CVE-2026-48782,vuln,code,CodeQLBaselineScorer,benign,vulnerable,CWE-918,CWE-918,taint
CVE-2026-48782,vuln,code,ConfigSigScorer,benign,vulnerable,CWE-918,CWE-918,taint
CVE-2026-48782,vuln,code,CPGEvidenceScorer,benign,vulnerable,CWE-918,CWE-918,taint
CVE-2026-48782,vuln,code,LocalLLMScorer,abstain,vulnerable,CWE-918,CWE-918,taint
CVE-2026-48782,fixed,code,StructuralHeuristicScorer,benign,benign,CWE-918,CWE-918,taint
CVE-2026-48782,fixed,code,CodeQLBaselineScorer,benign,benign,CWE-918,CWE-918,taint
CVE-2026-48782,fixed,code,ConfigSigScorer,benign,benign,CWE-918,CWE-918,taint
CVE-2026-48782,fixed,code,CPGEvidenceScorer,benign,benign,CWE-918,CWE-918,taint
CVE-2026-48782,fixed,code,LocalLLMScorer,abstain,benign,CWE-918,CWE-918,taint
CVE-2026-49257,vuln,code,StructuralHeuristicScorer,benign,vulnerable,CWE-306,CWE-306,logic
CVE-2026-49257,vuln,code,CodeQLBaselineScorer,benign,vulnerable,CWE-306,CWE-306,logic
CVE-2026-49257,vuln,code,ConfigSigScorer,benign,vulnerable,CWE-306,CWE-306,logic
CVE-2026-49257,vuln,code,CPGEvidenceScorer,benign,vulnerable,CWE-306,CWE-306,logic
CVE-2026-49257,vuln,code,LocalLLMScorer,abstain,vulnerable,CWE-306,CWE-306,logic
CVE-2026-49257,fixed,code,StructuralHeuristicScorer,benign,benign,CWE-306,CWE-306,logic
CVE-2026-49257,fixed,code,CodeQLBaselineScorer,benign,benign,CWE-306,CWE-306,logic
CVE-2026-49257,fixed,code,ConfigSigScorer,benign,benign,CWE-306,CWE-306,logic
CVE-2026-49257,fixed,code,CPGEvidenceScorer,benign,benign,CWE-306,CWE-306,logic
CVE-2026-49257,fixed,code,LocalLLMScorer,abstain,benign,CWE-306,CWE-306,logic
CVE-2026-49296,vuln,code,StructuralHeuristicScorer,benign,vulnerable,CWE-639,CWE-639,logic
CVE-2026-49296,vuln,code,CodeQLBaselineScorer,benign,vulnerable,CWE-639,CWE-639,logic
CVE-2026-49296,vuln,code,ConfigSigScorer,abstain,vulnerable,CWE-639,CWE-639,logic
CVE-2026-49296,vuln,code,CPGEvidenceScorer,benign,vulnerable,CWE-639,CWE-639,logic
CVE-2026-49296,vuln,code,LocalLLMScorer,abstain,vulnerable,CWE-639,CWE-639,logic
CVE-2026-49296,fixed,code,StructuralHeuristicScorer,benign,benign,CWE-639,CWE-639,logic
CVE-2026-49296,fixed,code,CodeQLBaselineScorer,benign,benign,CWE-639,CWE-639,logic
CVE-2026-49296,fixed,code,ConfigSigScorer,abstain,benign,CWE-639,CWE-639,logic
CVE-2026-49296,fixed,code,CPGEvidenceScorer,benign,benign,CWE-639,CWE-639,logic
CVE-2026-49296,fixed,code,LocalLLMScorer,abstain,benign,CWE-639,CWE-639,logic
CVE-2026-49471,vuln,code,StructuralHeuristicScorer,benign,vulnerable,CWE-306,CWE-306,logic
CVE-2026-49471,vuln,code,CodeQLBaselineScorer,benign,vulnerable,CWE-306,CWE-306,logic
CVE-2026-49471,vuln,code,ConfigSigScorer,benign,vulnerable,CWE-306,CWE-306,logic
CVE-2026-49471,vuln,code,CPGEvidenceScorer,benign,vulnerable,CWE-306,CWE-306,logic
CVE-2026-49471,vuln,code,LocalLLMScorer,abstain,vulnerable,CWE-306,CWE-306,logic
CVE-2026-49471,fixed,code,StructuralHeuristicScorer,benign,benign,CWE-306,CWE-306,logic
CVE-2026-49471,fixed,code,CodeQLBaselineScorer,benign,benign,CWE-306,CWE-306,logic
CVE-2026-49471,fixed,code,ConfigSigScorer,benign,benign,CWE-306,CWE-306,logic
CVE-2026-49471,fixed,code,CPGEvidenceScorer,benign,benign,CWE-306,CWE-306,logic
CVE-2026-49471,fixed,code,LocalLLMScorer,abstain,benign,CWE-306,CWE-306,logic
CVE-2026-49852,vuln,code,StructuralHeuristicScorer,benign,vulnerable,CWE-287,CWE-287,logic
CVE-2026-49852,vuln,code,CodeQLBaselineScorer,benign,vulnerable,CWE-287,CWE-287,logic
CVE-2026-49852,vuln,code,ConfigSigScorer,benign,vulnerable,CWE-287,CWE-287,logic
CVE-2026-49852,vuln,code,CPGEvidenceScorer,benign,vulnerable,CWE-287,CWE-287,logic
CVE-2026-49852,vuln,code,LocalLLMScorer,abstain,vulnerable,CWE-287,CWE-287,logic
CVE-2026-49852,fixed,code,StructuralHeuristicScorer,benign,benign,CWE-287,CWE-287,logic
CVE-2026-49852,fixed,code,CodeQLBaselineScorer,benign,benign,CWE-287,CWE-287,logic
CVE-2026-49852,fixed,code,ConfigSigScorer,benign,benign,CWE-287,CWE-287,logic
CVE-2026-49852,fixed,code,CPGEvidenceScorer,benign,benign,CWE-287,CWE-287,logic
CVE-2026-49852,fixed,code,LocalLLMScorer,abstain,benign,CWE-287,CWE-287,logic
CVE-2026-50180,vuln,code,StructuralHeuristicScorer,benign,vulnerable,CWE-022,CWE-022,taint
CVE-2026-50180,vuln,code,CodeQLBaselineScorer,benign,vulnerable,CWE-022,CWE-022,taint
CVE-2026-50180,vuln,code,ConfigSigScorer,benign,vulnerable,CWE-022,CWE-022,taint
CVE-2026-50180,vuln,code,CPGEvidenceScorer,benign,vulnerable,CWE-022,CWE-022,taint
CVE-2026-50180,vuln,code,LocalLLMScorer,abstain,vulnerable,CWE-022,CWE-022,taint
CVE-2026-50180,fixed,code,StructuralHeuristicScorer,benign,benign,CWE-022,CWE-022,taint
CVE-2026-50180,fixed,code,CodeQLBaselineScorer,benign,benign,CWE-022,CWE-022,taint
CVE-2026-50180,fixed,code,ConfigSigScorer,benign,benign,CWE-022,CWE-022,taint
CVE-2026-50180,fixed,code,CPGEvidenceScorer,benign,benign,CWE-022,CWE-022,taint
CVE-2026-50180,fixed,code,LocalLLMScorer,abstain,benign,CWE-022,CWE-022,taint
CVE-2026-50181,vuln,code,StructuralHeuristicScorer,benign,vulnerable,CWE-022,CWE-022,taint
CVE-2026-50181,vuln,code,CodeQLBaselineScorer,benign,vulnerable,CWE-022,CWE-022,taint
CVE-2026-50181,vuln,code,ConfigSigScorer,benign,vulnerable,CWE-022,CWE-022,taint
CVE-2026-50181,vuln,code,CPGEvidenceScorer,benign,vulnerable,CWE-022,CWE-022,taint
CVE-2026-50181,vuln,code,LocalLLMScorer,abstain,vulnerable,CWE-022,CWE-022,taint
CVE-2026-50181,fixed,code,StructuralHeuristicScorer,benign,benign,CWE-022,CWE-022,taint
CVE-2026-50181,fixed,code,CodeQLBaselineScorer,benign,benign,CWE-022,CWE-022,taint
CVE-2026-50181,fixed,code,ConfigSigScorer,benign,benign,CWE-022,CWE-022,taint
CVE-2026-50181,fixed,code,CPGEvidenceScorer,benign,benign,CWE-022,CWE-022,taint
CVE-2026-50181,fixed,code,LocalLLMScorer,abstain,benign,CWE-022,CWE-022,taint
CVE-2026-52869,vuln,code,StructuralHeuristicScorer,benign,vulnerable,CWE-639,CWE-639,logic
CVE-2026-52869,vuln,code,CodeQLBaselineScorer,benign,vulnerable,CWE-639,CWE-639,logic
CVE-2026-52869,vuln,code,ConfigSigScorer,abstain,vulnerable,CWE-639,CWE-639,logic
CVE-2026-52869,vuln,code,CPGEvidenceScorer,benign,vulnerable,CWE-639,CWE-639,logic
CVE-2026-52869,vuln,code,LocalLLMScorer,abstain,vulnerable,CWE-639,CWE-639,logic
CVE-2026-52869,fixed,code,StructuralHeuristicScorer,benign,benign,CWE-639,CWE-639,logic
CVE-2026-52869,fixed,code,CodeQLBaselineScorer,benign,benign,CWE-639,CWE-639,logic
CVE-2026-52869,fixed,code,ConfigSigScorer,abstain,benign,CWE-639,CWE-639,logic
CVE-2026-52869,fixed,code,CPGEvidenceScorer,benign,benign,CWE-639,CWE-639,logic
CVE-2026-52869,fixed,code,LocalLLMScorer,abstain,benign,CWE-639,CWE-639,logic
CVE-2026-53598,vuln,code,StructuralHeuristicScorer,benign,vulnerable,CWE-022,CWE-022,taint
CVE-2026-53598,vuln,code,CodeQLBaselineScorer,benign,vulnerable,CWE-022,CWE-022,taint
CVE-2026-53598,vuln,code,ConfigSigScorer,benign,vulnerable,CWE-022,CWE-022,taint
CVE-2026-53598,vuln,code,CPGEvidenceScorer,benign,vulnerable,CWE-022,CWE-022,taint
CVE-2026-53598,vuln,code,LocalLLMScorer,abstain,vulnerable,CWE-022,CWE-022,taint
CVE-2026-53598,fixed,code,StructuralHeuristicScorer,benign,benign,CWE-022,CWE-022,taint
CVE-2026-53598,fixed,code,CodeQLBaselineScorer,benign,benign,CWE-022,CWE-022,taint
CVE-2026-53598,fixed,code,ConfigSigScorer,benign,benign,CWE-022,CWE-022,taint
CVE-2026-53598,fixed,code,CPGEvidenceScorer,benign,benign,CWE-022,CWE-022,taint
CVE-2026-53598,fixed,code,LocalLLMScorer,abstain,benign,CWE-022,CWE-022,taint
CVE-2026-53656,vuln,code,StructuralHeuristicScorer,benign,vulnerable,CWE-346,CWE-346,logic
CVE-2026-53656,vuln,code,CodeQLBaselineScorer,benign,vulnerable,CWE-346,CWE-346,logic
CVE-2026-53656,vuln,code,ConfigSigScorer,benign,vulnerable,CWE-346,CWE-346,logic
CVE-2026-53656,vuln,code,CPGEvidenceScorer,benign,vulnerable,CWE-346,CWE-346,logic
CVE-2026-53656,vuln,code,LocalLLMScorer,vulnerable,vulnerable,CWE-346,CWE-346,logic
CVE-2026-53656,fixed,code,StructuralHeuristicScorer,benign,benign,CWE-346,CWE-346,logic
CVE-2026-53656,fixed,code,CodeQLBaselineScorer,benign,benign,CWE-346,CWE-346,logic
CVE-2026-53656,fixed,code,ConfigSigScorer,benign,benign,CWE-346,CWE-346,logic
CVE-2026-53656,fixed,code,CPGEvidenceScorer,benign,benign,CWE-346,CWE-346,logic
CVE-2026-53656,fixed,code,LocalLLMScorer,vulnerable,benign,CWE-346,CWE-346,logic
CVE-2026-54254,vuln,code,StructuralHeuristicScorer,benign,vulnerable,CWE-020,CWE-020,logic
CVE-2026-54254,vuln,code,CodeQLBaselineScorer,benign,vulnerable,CWE-020,CWE-020,logic
CVE-2026-54254,vuln,code,ConfigSigScorer,abstain,vulnerable,CWE-020,CWE-020,logic
CVE-2026-54254,vuln,code,CPGEvidenceScorer,benign,vulnerable,CWE-020,CWE-020,logic
CVE-2026-54254,vuln,code,LocalLLMScorer,abstain,vulnerable,CWE-020,CWE-020,logic
CVE-2026-54254,fixed,code,StructuralHeuristicScorer,benign,benign,CWE-020,CWE-020,logic
CVE-2026-54254,fixed,code,CodeQLBaselineScorer,benign,benign,CWE-020,CWE-020,logic
CVE-2026-54254,fixed,code,ConfigSigScorer,abstain,benign,CWE-020,CWE-020,logic
CVE-2026-54254,fixed,code,CPGEvidenceScorer,benign,benign,CWE-020,CWE-020,logic
CVE-2026-54254,fixed,code,LocalLLMScorer,abstain,benign,CWE-020,CWE-020,logic
CVE-2026-54446,vuln,code,StructuralHeuristicScorer,benign,vulnerable,CWE-306,CWE-306,logic
CVE-2026-54446,vuln,code,CodeQLBaselineScorer,benign,vulnerable,CWE-306,CWE-306,logic
CVE-2026-54446,vuln,code,ConfigSigScorer,benign,vulnerable,CWE-306,CWE-306,logic
CVE-2026-54446,vuln,code,CPGEvidenceScorer,benign,vulnerable,CWE-306,CWE-306,logic
CVE-2026-54446,vuln,code,LocalLLMScorer,abstain,vulnerable,CWE-306,CWE-306,logic
CVE-2026-54446,fixed,code,StructuralHeuristicScorer,benign,benign,CWE-306,CWE-306,logic
CVE-2026-54446,fixed,code,CodeQLBaselineScorer,benign,benign,CWE-306,CWE-306,logic
CVE-2026-54446,fixed,code,ConfigSigScorer,benign,benign,CWE-306,CWE-306,logic
CVE-2026-54446,fixed,code,CPGEvidenceScorer,benign,benign,CWE-306,CWE-306,logic
CVE-2026-54446,fixed,code,LocalLLMScorer,abstain,benign,CWE-306,CWE-306,logic
CVE-2026-54457,vuln,code,StructuralHeuristicScorer,benign,vulnerable,CWE-552,CWE-552,logic
CVE-2026-54457,vuln,code,CodeQLBaselineScorer,benign,vulnerable,CWE-552,CWE-552,logic
CVE-2026-54457,vuln,code,ConfigSigScorer,benign,vulnerable,CWE-552,CWE-552,logic
CVE-2026-54457,vuln,code,CPGEvidenceScorer,benign,vulnerable,CWE-552,CWE-552,logic
CVE-2026-54457,vuln,code,LocalLLMScorer,abstain,vulnerable,CWE-552,CWE-552,logic
CVE-2026-54457,fixed,code,StructuralHeuristicScorer,benign,benign,CWE-552,CWE-552,logic
CVE-2026-54457,fixed,code,CodeQLBaselineScorer,benign,benign,CWE-552,CWE-552,logic
CVE-2026-54457,fixed,code,ConfigSigScorer,benign,benign,CWE-552,CWE-552,logic
CVE-2026-54457,fixed,code,CPGEvidenceScorer,benign,benign,CWE-552,CWE-552,logic
CVE-2026-54457,fixed,code,LocalLLMScorer,abstain,benign,CWE-552,CWE-552,logic
CVE-2026-54567,vuln,code,StructuralHeuristicScorer,benign,vulnerable,CWE-178,CWE-178,logic
CVE-2026-54567,vuln,code,CodeQLBaselineScorer,benign,vulnerable,CWE-178,CWE-178,logic
CVE-2026-54567,vuln,code,ConfigSigScorer,benign,vulnerable,CWE-178,CWE-178,logic
CVE-2026-54567,vuln,code,CPGEvidenceScorer,benign,vulnerable,CWE-178,CWE-178,logic
CVE-2026-54567,vuln,code,LocalLLMScorer,abstain,vulnerable,CWE-178,CWE-178,logic
CVE-2026-54567,fixed,code,StructuralHeuristicScorer,benign,benign,CWE-178,CWE-178,logic
CVE-2026-54567,fixed,code,CodeQLBaselineScorer,benign,benign,CWE-178,CWE-178,logic
CVE-2026-54567,fixed,code,ConfigSigScorer,benign,benign,CWE-178,CWE-178,logic
CVE-2026-54567,fixed,code,CPGEvidenceScorer,benign,benign,CWE-178,CWE-178,logic
CVE-2026-54567,fixed,code,LocalLLMScorer,abstain,benign,CWE-178,CWE-178,logic
CVE-2026-54574,vuln,code,StructuralHeuristicScorer,benign,vulnerable,CWE-061,CWE-061,logic
CVE-2026-54574,vuln,code,CodeQLBaselineScorer,benign,vulnerable,CWE-061,CWE-061,logic
CVE-2026-54574,vuln,code,ConfigSigScorer,benign,vulnerable,CWE-061,CWE-061,logic
CVE-2026-54574,vuln,code,CPGEvidenceScorer,benign,vulnerable,CWE-061,CWE-061,logic
CVE-2026-54574,vuln,code,LocalLLMScorer,abstain,vulnerable,CWE-061,CWE-061,logic
CVE-2026-54574,fixed,code,StructuralHeuristicScorer,benign,benign,CWE-061,CWE-061,logic
CVE-2026-54574,fixed,code,CodeQLBaselineScorer,benign,benign,CWE-061,CWE-061,logic
CVE-2026-54574,fixed,code,ConfigSigScorer,benign,benign,CWE-061,CWE-061,logic
CVE-2026-54574,fixed,code,CPGEvidenceScorer,benign,benign,CWE-061,CWE-061,logic
CVE-2026-54574,fixed,code,LocalLLMScorer,abstain,benign,CWE-061,CWE-061,logic
CVE-2026-54635,vuln,code,StructuralHeuristicScorer,benign,vulnerable,CWE-287,CWE-287,logic
CVE-2026-54635,vuln,code,CodeQLBaselineScorer,benign,vulnerable,CWE-287,CWE-287,logic
CVE-2026-54635,vuln,code,ConfigSigScorer,benign,vulnerable,CWE-287,CWE-287,logic
CVE-2026-54635,vuln,code,CPGEvidenceScorer,benign,vulnerable,CWE-287,CWE-287,logic
CVE-2026-54635,vuln,code,LocalLLMScorer,abstain,vulnerable,CWE-287,CWE-287,logic
CVE-2026-54635,fixed,code,StructuralHeuristicScorer,benign,benign,CWE-287,CWE-287,logic
CVE-2026-54635,fixed,code,CodeQLBaselineScorer,benign,benign,CWE-287,CWE-287,logic
CVE-2026-54635,fixed,code,ConfigSigScorer,benign,benign,CWE-287,CWE-287,logic
CVE-2026-54635,fixed,code,CPGEvidenceScorer,benign,benign,CWE-287,CWE-287,logic
CVE-2026-54635,fixed,code,LocalLLMScorer,abstain,benign,CWE-287,CWE-287,logic
CVE-2026-54654,vuln,code,StructuralHeuristicScorer,benign,vulnerable,CWE-094,CWE-094,taint
CVE-2026-54654,vuln,code,CodeQLBaselineScorer,benign,vulnerable,CWE-094,CWE-094,taint
CVE-2026-54654,vuln,code,ConfigSigScorer,benign,vulnerable,CWE-094,CWE-094,taint
CVE-2026-54654,vuln,code,CPGEvidenceScorer,benign,vulnerable,CWE-094,CWE-094,taint
CVE-2026-54654,vuln,code,LocalLLMScorer,abstain,vulnerable,CWE-094,CWE-094,taint
CVE-2026-54654,fixed,code,StructuralHeuristicScorer,benign,benign,CWE-094,CWE-094,taint
CVE-2026-54654,fixed,code,CodeQLBaselineScorer,benign,benign,CWE-094,CWE-094,taint
CVE-2026-54654,fixed,code,ConfigSigScorer,benign,benign,CWE-094,CWE-094,taint
CVE-2026-54654,fixed,code,CPGEvidenceScorer,benign,benign,CWE-094,CWE-094,taint
CVE-2026-54654,fixed,code,LocalLLMScorer,abstain,benign,CWE-094,CWE-094,taint
CVE-2026-54727,vuln,code,StructuralHeuristicScorer,benign,vulnerable,CWE-668,CWE-668,logic
CVE-2026-54727,vuln,code,CodeQLBaselineScorer,benign,vulnerable,CWE-668,CWE-668,logic
CVE-2026-54727,vuln,code,ConfigSigScorer,benign,vulnerable,CWE-668,CWE-668,logic
CVE-2026-54727,vuln,code,CPGEvidenceScorer,benign,vulnerable,CWE-668,CWE-668,logic
CVE-2026-54727,vuln,code,LocalLLMScorer,abstain,vulnerable,CWE-668,CWE-668,logic
CVE-2026-54727,fixed,code,StructuralHeuristicScorer,benign,benign,CWE-668,CWE-668,logic
CVE-2026-54727,fixed,code,CodeQLBaselineScorer,benign,benign,CWE-668,CWE-668,logic
CVE-2026-54727,fixed,code,ConfigSigScorer,benign,benign,CWE-668,CWE-668,logic
CVE-2026-54727,fixed,code,CPGEvidenceScorer,benign,benign,CWE-668,CWE-668,logic
CVE-2026-54727,fixed,code,LocalLLMScorer,abstain,benign,CWE-668,CWE-668,logic
CVE-2026-55403,vuln,code,StructuralHeuristicScorer,benign,vulnerable,CWE-200,CWE-200,logic
CVE-2026-55403,vuln,code,CodeQLBaselineScorer,benign,vulnerable,CWE-200,CWE-200,logic
CVE-2026-55403,vuln,code,ConfigSigScorer,benign,vulnerable,CWE-200,CWE-200,logic
CVE-2026-55403,vuln,code,CPGEvidenceScorer,benign,vulnerable,CWE-200,CWE-200,logic
CVE-2026-55403,vuln,code,LocalLLMScorer,abstain,vulnerable,CWE-200,CWE-200,logic
CVE-2026-55403,fixed,code,StructuralHeuristicScorer,benign,benign,CWE-200,CWE-200,logic
CVE-2026-55403,fixed,code,CodeQLBaselineScorer,benign,benign,CWE-200,CWE-200,logic
CVE-2026-55403,fixed,code,ConfigSigScorer,benign,benign,CWE-200,CWE-200,logic
CVE-2026-55403,fixed,code,CPGEvidenceScorer,benign,benign,CWE-200,CWE-200,logic
CVE-2026-55403,fixed,code,LocalLLMScorer,abstain,benign,CWE-200,CWE-200,logic
CVE-2026-55404,vuln,code,StructuralHeuristicScorer,benign,vulnerable,CWE-074,CWE-074,logic
CVE-2026-55404,vuln,code,CodeQLBaselineScorer,benign,vulnerable,CWE-074,CWE-074,logic
CVE-2026-55404,vuln,code,ConfigSigScorer,benign,vulnerable,CWE-074,CWE-074,logic
CVE-2026-55404,vuln,code,CPGEvidenceScorer,benign,vulnerable,CWE-074,CWE-074,logic
CVE-2026-55404,vuln,code,LocalLLMScorer,abstain,vulnerable,CWE-074,CWE-074,logic
CVE-2026-55404,fixed,code,StructuralHeuristicScorer,benign,benign,CWE-074,CWE-074,logic
CVE-2026-55404,fixed,code,CodeQLBaselineScorer,benign,benign,CWE-074,CWE-074,logic
CVE-2026-55404,fixed,code,ConfigSigScorer,benign,benign,CWE-074,CWE-074,logic
CVE-2026-55404,fixed,code,CPGEvidenceScorer,benign,benign,CWE-074,CWE-074,logic
CVE-2026-55404,fixed,code,LocalLLMScorer,abstain,benign,CWE-074,CWE-074,logic
CVE-2026-57516,vuln,code,StructuralHeuristicScorer,benign,vulnerable,CWE-094,CWE-094,taint
CVE-2026-57516,vuln,code,CodeQLBaselineScorer,benign,vulnerable,CWE-094,CWE-094,taint
CVE-2026-57516,vuln,code,ConfigSigScorer,benign,vulnerable,CWE-094,CWE-094,taint
CVE-2026-57516,vuln,code,CPGEvidenceScorer,benign,vulnerable,CWE-094,CWE-094,taint
CVE-2026-57516,vuln,code,LocalLLMScorer,abstain,vulnerable,CWE-094,CWE-094,taint
CVE-2026-57516,fixed,code,StructuralHeuristicScorer,benign,benign,CWE-094,CWE-094,taint
CVE-2026-57516,fixed,code,CodeQLBaselineScorer,benign,benign,CWE-094,CWE-094,taint
CVE-2026-57516,fixed,code,ConfigSigScorer,benign,benign,CWE-094,CWE-094,taint
CVE-2026-57516,fixed,code,CPGEvidenceScorer,benign,benign,CWE-094,CWE-094,taint
CVE-2026-57516,fixed,code,LocalLLMScorer,abstain,benign,CWE-094,CWE-094,taint
CVE-2026-59215,vuln,code,StructuralHeuristicScorer,benign,vulnerable,CWE-639,CWE-639,logic
CVE-2026-59215,vuln,code,CodeQLBaselineScorer,benign,vulnerable,CWE-639,CWE-639,logic
CVE-2026-59215,vuln,code,ConfigSigScorer,abstain,vulnerable,CWE-639,CWE-639,logic
CVE-2026-59215,vuln,code,CPGEvidenceScorer,benign,vulnerable,CWE-639,CWE-639,logic
CVE-2026-59215,vuln,code,LocalLLMScorer,abstain,vulnerable,CWE-639,CWE-639,logic
CVE-2026-59215,fixed,code,StructuralHeuristicScorer,benign,benign,CWE-639,CWE-639,logic
CVE-2026-59215,fixed,code,CodeQLBaselineScorer,benign,benign,CWE-639,CWE-639,logic
CVE-2026-59215,fixed,code,ConfigSigScorer,abstain,benign,CWE-639,CWE-639,logic
CVE-2026-59215,fixed,code,CPGEvidenceScorer,benign,benign,CWE-639,CWE-639,logic
CVE-2026-59215,fixed,code,LocalLLMScorer,abstain,benign,CWE-639,CWE-639,logic
CVE-2026-59820,vuln,code,StructuralHeuristicScorer,benign,vulnerable,CWE-022,CWE-022,taint
CVE-2026-59820,vuln,code,CodeQLBaselineScorer,benign,vulnerable,CWE-022,CWE-022,taint
CVE-2026-59820,vuln,code,ConfigSigScorer,benign,vulnerable,CWE-022,CWE-022,taint
CVE-2026-59820,vuln,code,CPGEvidenceScorer,benign,vulnerable,CWE-022,CWE-022,taint
CVE-2026-59820,vuln,code,LocalLLMScorer,abstain,vulnerable,CWE-022,CWE-022,taint
CVE-2026-59820,fixed,code,StructuralHeuristicScorer,benign,benign,CWE-022,CWE-022,taint
CVE-2026-59820,fixed,code,CodeQLBaselineScorer,benign,benign,CWE-022,CWE-022,taint
CVE-2026-59820,fixed,code,ConfigSigScorer,benign,benign,CWE-022,CWE-022,taint
CVE-2026-59820,fixed,code,CPGEvidenceScorer,benign,benign,CWE-022,CWE-022,taint
CVE-2026-59820,fixed,code,LocalLLMScorer,abstain,benign,CWE-022,CWE-022,taint
CVE-2026-59886,vuln,code,StructuralHeuristicScorer,benign,vulnerable,CWE-400,CWE-400,logic
CVE-2026-59886,vuln,code,CodeQLBaselineScorer,benign,vulnerable,CWE-400,CWE-400,logic
CVE-2026-59886,vuln,code,ConfigSigScorer,abstain,vulnerable,CWE-400,CWE-400,logic
CVE-2026-59886,vuln,code,CPGEvidenceScorer,benign,vulnerable,CWE-400,CWE-400,logic
CVE-2026-59886,vuln,code,LocalLLMScorer,abstain,vulnerable,CWE-400,CWE-400,logic
CVE-2026-59886,fixed,code,StructuralHeuristicScorer,benign,benign,CWE-400,CWE-400,logic
CVE-2026-59886,fixed,code,CodeQLBaselineScorer,benign,benign,CWE-400,CWE-400,logic
CVE-2026-59886,fixed,code,ConfigSigScorer,abstain,benign,CWE-400,CWE-400,logic
CVE-2026-59886,fixed,code,CPGEvidenceScorer,benign,benign,CWE-400,CWE-400,logic
CVE-2026-59886,fixed,code,LocalLLMScorer,abstain,benign,CWE-400,CWE-400,logic
CVE-2026-59890,vuln,code,StructuralHeuristicScorer,benign,vulnerable,CWE-176,CWE-176,logic
CVE-2026-59890,vuln,code,CodeQLBaselineScorer,benign,vulnerable,CWE-176,CWE-176,logic
CVE-2026-59890,vuln,code,ConfigSigScorer,benign,vulnerable,CWE-176,CWE-176,logic
CVE-2026-59890,vuln,code,CPGEvidenceScorer,benign,vulnerable,CWE-176,CWE-176,logic
CVE-2026-59890,vuln,code,LocalLLMScorer,abstain,vulnerable,CWE-176,CWE-176,logic
CVE-2026-59890,fixed,code,StructuralHeuristicScorer,benign,benign,CWE-176,CWE-176,logic
CVE-2026-59890,fixed,code,CodeQLBaselineScorer,benign,benign,CWE-176,CWE-176,logic
CVE-2026-59890,fixed,code,ConfigSigScorer,benign,benign,CWE-176,CWE-176,logic
CVE-2026-59890,fixed,code,CPGEvidenceScorer,benign,benign,CWE-176,CWE-176,logic
CVE-2026-59890,fixed,code,LocalLLMScorer,abstain,benign,CWE-176,CWE-176,logic
CVE-2026-59939,vuln,code,StructuralHeuristicScorer,benign,vulnerable,CWE-400,CWE-400,logic
CVE-2026-59939,vuln,code,CodeQLBaselineScorer,benign,vulnerable,CWE-400,CWE-400,logic
CVE-2026-59939,vuln,code,ConfigSigScorer,abstain,vulnerable,CWE-400,CWE-400,logic
CVE-2026-59939,vuln,code,CPGEvidenceScorer,benign,vulnerable,CWE-400,CWE-400,logic
CVE-2026-59939,vuln,code,LocalLLMScorer,abstain,vulnerable,CWE-400,CWE-400,logic
CVE-2026-59939,fixed,code,StructuralHeuristicScorer,benign,benign,CWE-400,CWE-400,logic
CVE-2026-59939,fixed,code,CodeQLBaselineScorer,benign,benign,CWE-400,CWE-400,logic
CVE-2026-59939,fixed,code,ConfigSigScorer,abstain,benign,CWE-400,CWE-400,logic
CVE-2026-59939,fixed,code,CPGEvidenceScorer,benign,benign,CWE-400,CWE-400,logic
CVE-2026-59939,fixed,code,LocalLLMScorer,abstain,benign,CWE-400,CWE-400,logic
CVE-2026-61632,vuln,code,StructuralHeuristicScorer,benign,vulnerable,CWE-022,CWE-022,taint
CVE-2026-61632,vuln,code,CodeQLBaselineScorer,benign,vulnerable,CWE-022,CWE-022,taint
CVE-2026-61632,vuln,code,ConfigSigScorer,benign,vulnerable,CWE-022,CWE-022,taint
CVE-2026-61632,vuln,code,CPGEvidenceScorer,benign,vulnerable,CWE-022,CWE-022,taint
CVE-2026-61632,vuln,code,LocalLLMScorer,vulnerable,vulnerable,CWE-022,CWE-022,taint
CVE-2026-61632,fixed,code,StructuralHeuristicScorer,benign,benign,CWE-022,CWE-022,taint
CVE-2026-61632,fixed,code,CodeQLBaselineScorer,benign,benign,CWE-022,CWE-022,taint
CVE-2026-61632,fixed,code,ConfigSigScorer,benign,benign,CWE-022,CWE-022,taint
CVE-2026-61632,fixed,code,CPGEvidenceScorer,benign,benign,CWE-022,CWE-022,taint
CVE-2026-61632,fixed,code,LocalLLMScorer,vulnerable,benign,CWE-022,CWE-022,taint
CVE-2026-63632,vuln,code,StructuralHeuristicScorer,benign,vulnerable,CWE-125,CWE-125,logic
CVE-2026-63632,vuln,code,CodeQLBaselineScorer,benign,vulnerable,CWE-125,CWE-125,logic
CVE-2026-63632,vuln,code,ConfigSigScorer,benign,vulnerable,CWE-125,CWE-125,logic
CVE-2026-63632,vuln,code,CPGEvidenceScorer,benign,vulnerable,CWE-125,CWE-125,logic
CVE-2026-63632,vuln,code,LocalLLMScorer,abstain,vulnerable,CWE-125,CWE-125,logic
CVE-2026-63632,fixed,code,StructuralHeuristicScorer,benign,benign,CWE-125,CWE-125,logic
CVE-2026-63632,fixed,code,CodeQLBaselineScorer,benign,benign,CWE-125,CWE-125,logic
CVE-2026-63632,fixed,code,ConfigSigScorer,benign,benign,CWE-125,CWE-125,logic
CVE-2026-63632,fixed,code,CPGEvidenceScorer,benign,benign,CWE-125,CWE-125,logic
CVE-2026-63632,fixed,code,LocalLLMScorer,abstain,benign,CWE-125,CWE-125,logic
CVE-2026-67422,vuln,code,StructuralHeuristicScorer,benign,vulnerable,CWE-1333,CWE-1333,logic
CVE-2026-67422,vuln,code,CodeQLBaselineScorer,benign,vulnerable,CWE-1333,CWE-1333,logic
CVE-2026-67422,vuln,code,ConfigSigScorer,benign,vulnerable,CWE-1333,CWE-1333,logic
CVE-2026-67422,vuln,code,CPGEvidenceScorer,benign,vulnerable,CWE-1333,CWE-1333,logic
CVE-2026-67422,vuln,code,LocalLLMScorer,abstain,vulnerable,CWE-1333,CWE-1333,logic
CVE-2026-67422,fixed,code,StructuralHeuristicScorer,benign,benign,CWE-1333,CWE-1333,logic
CVE-2026-67422,fixed,code,CodeQLBaselineScorer,benign,benign,CWE-1333,CWE-1333,logic
CVE-2026-67422,fixed,code,ConfigSigScorer,benign,benign,CWE-1333,CWE-1333,logic
CVE-2026-67422,fixed,code,CPGEvidenceScorer,benign,benign,CWE-1333,CWE-1333,logic
CVE-2026-67422,fixed,code,LocalLLMScorer,abstain,benign,CWE-1333,CWE-1333,logic
CVE-2026-67425,vuln,code,StructuralHeuristicScorer,benign,vulnerable,CWE-201,CWE-201,logic
CVE-2026-67425,vuln,code,CodeQLBaselineScorer,benign,vulnerable,CWE-201,CWE-201,logic
CVE-2026-67425,vuln,code,ConfigSigScorer,benign,vulnerable,CWE-201,CWE-201,logic
CVE-2026-67425,vuln,code,CPGEvidenceScorer,benign,vulnerable,CWE-201,CWE-201,logic
CVE-2026-67425,vuln,code,LocalLLMScorer,abstain,vulnerable,CWE-201,CWE-201,logic
CVE-2026-67425,fixed,code,StructuralHeuristicScorer,benign,benign,CWE-201,CWE-201,logic
CVE-2026-67425,fixed,code,CodeQLBaselineScorer,benign,benign,CWE-201,CWE-201,logic
CVE-2026-67425,fixed,code,ConfigSigScorer,benign,benign,CWE-201,CWE-201,logic
CVE-2026-67425,fixed,code,CPGEvidenceScorer,benign,benign,CWE-201,CWE-201,logic
CVE-2026-67425,fixed,code,LocalLLMScorer,abstain,benign,CWE-201,CWE-201,logic
CVE-2026-71852,vuln,code,StructuralHeuristicScorer,benign,vulnerable,CWE-834,CWE-834,logic
CVE-2026-71852,vuln,code,CodeQLBaselineScorer,benign,vulnerable,CWE-834,CWE-834,logic
CVE-2026-71852,vuln,code,ConfigSigScorer,benign,vulnerable,CWE-834,CWE-834,logic
CVE-2026-71852,vuln,code,CPGEvidenceScorer,benign,vulnerable,CWE-834,CWE-834,logic
CVE-2026-71852,vuln,code,LocalLLMScorer,abstain,vulnerable,CWE-834,CWE-834,logic
CVE-2026-71852,fixed,code,StructuralHeuristicScorer,benign,benign,CWE-834,CWE-834,logic
CVE-2026-71852,fixed,code,CodeQLBaselineScorer,benign,benign,CWE-834,CWE-834,logic
CVE-2026-71852,fixed,code,ConfigSigScorer,benign,benign,CWE-834,CWE-834,logic
CVE-2026-71852,fixed,code,CPGEvidenceScorer,benign,benign,CWE-834,CWE-834,logic
CVE-2026-71852,fixed,code,LocalLLMScorer,abstain,benign,CWE-834,CWE-834,logic
CVE-2026-73417,vuln,code,StructuralHeuristicScorer,benign,vulnerable,CWE-079,CWE-079,taint
CVE-2026-73417,vuln,code,CodeQLBaselineScorer,benign,vulnerable,CWE-079,CWE-079,taint
CVE-2026-73417,vuln,code,ConfigSigScorer,benign,vulnerable,CWE-079,CWE-079,taint
CVE-2026-73417,vuln,code,CPGEvidenceScorer,benign,vulnerable,CWE-079,CWE-079,taint
CVE-2026-73417,vuln,code,LocalLLMScorer,abstain,vulnerable,CWE-079,CWE-079,taint
CVE-2026-73417,fixed,code,StructuralHeuristicScorer,benign,benign,CWE-079,CWE-079,taint
CVE-2026-73417,fixed,code,CodeQLBaselineScorer,benign,benign,CWE-079,CWE-079,taint
CVE-2026-73417,fixed,code,ConfigSigScorer,benign,benign,CWE-079,CWE-079,taint
CVE-2026-73417,fixed,code,CPGEvidenceScorer,benign,benign,CWE-079,CWE-079,taint
CVE-2026-73417,fixed,code,LocalLLMScorer,abstain,benign,CWE-079,CWE-079,taint
CVE-2026-73498,vuln,code,StructuralHeuristicScorer,benign,vulnerable,CWE-022,CWE-022,taint
CVE-2026-73498,vuln,code,CodeQLBaselineScorer,benign,vulnerable,CWE-022,CWE-022,taint
CVE-2026-73498,vuln,code,ConfigSigScorer,benign,vulnerable,CWE-022,CWE-022,taint
CVE-2026-73498,vuln,code,CPGEvidenceScorer,benign,vulnerable,CWE-022,CWE-022,taint
CVE-2026-73498,vuln,code,LocalLLMScorer,abstain,vulnerable,CWE-022,CWE-022,taint
CVE-2026-73498,fixed,code,StructuralHeuristicScorer,benign,benign,CWE-022,CWE-022,taint
CVE-2026-73498,fixed,code,CodeQLBaselineScorer,benign,benign,CWE-022,CWE-022,taint
CVE-2026-73498,fixed,code,ConfigSigScorer,benign,benign,CWE-022,CWE-022,taint
CVE-2026-73498,fixed,code,CPGEvidenceScorer,benign,benign,CWE-022,CWE-022,taint
CVE-2026-73498,fixed,code,LocalLLMScorer,abstain,benign,CWE-022,CWE-022,taint
CVE-2026-73568,vuln,code,StructuralHeuristicScorer,benign,vulnerable,CWE-400,CWE-400,logic
CVE-2026-73568,vuln,code,CodeQLBaselineScorer,benign,vulnerable,CWE-400,CWE-400,logic
CVE-2026-73568,vuln,code,ConfigSigScorer,abstain,vulnerable,CWE-400,CWE-400,logic
CVE-2026-73568,vuln,code,CPGEvidenceScorer,benign,vulnerable,CWE-400,CWE-400,logic
CVE-2026-73568,vuln,code,LocalLLMScorer,abstain,vulnerable,CWE-400,CWE-400,logic
CVE-2026-73568,fixed,code,StructuralHeuristicScorer,benign,benign,CWE-400,CWE-400,logic
CVE-2026-73568,fixed,code,CodeQLBaselineScorer,benign,benign,CWE-400,CWE-400,logic
CVE-2026-73568,fixed,code,ConfigSigScorer,abstain,benign,CWE-400,CWE-400,logic
CVE-2026-73568,fixed,code,CPGEvidenceScorer,benign,benign,CWE-400,CWE-400,logic
CVE-2026-73568,fixed,code,LocalLLMScorer,abstain,benign,CWE-400,CWE-400,logic
CVE-2026-9335,vuln,code,StructuralHeuristicScorer,benign,vulnerable,CWE-022,CWE-022,taint
CVE-2026-9335,vuln,code,CodeQLBaselineScorer,benign,vulnerable,CWE-022,CWE-022,taint
CVE-2026-9335,vuln,code,ConfigSigScorer,benign,vulnerable,CWE-022,CWE-022,taint
CVE-2026-9335,vuln,code,CPGEvidenceScorer,benign,vulnerable,CWE-022,CWE-022,taint
CVE-2026-9335,vuln,code,LocalLLMScorer,abstain,vulnerable,CWE-022,CWE-022,taint
CVE-2026-9335,fixed,code,StructuralHeuristicScorer,benign,benign,CWE-022,CWE-022,taint
CVE-2026-9335,fixed,code,CodeQLBaselineScorer,benign,benign,CWE-022,CWE-022,taint
CVE-2026-9335,fixed,code,ConfigSigScorer,benign,benign,CWE-022,CWE-022,taint
CVE-2026-9335,fixed,code,CPGEvidenceScorer,benign,benign,CWE-022,CWE-022,taint
CVE-2026-9335,fixed,code,LocalLLMScorer,abstain,benign,CWE-022,CWE-022,taint
